﻿<parameters>
  <parameter name="IIS Web Application Name" defaultValue="AppInsightTest" tags="IisApp">
    <parameterEntry kind="ProviderPath" scope="IisApp" match="^C:\\Projects\\AppInsightTest\\AppInsightTest\\obj\\Release\\Package\\PackageTmp$" />
    <parameterEntry kind="ProviderPath" scope="setAcl" match="^C:\\Projects\\AppInsightTest\\AppInsightTest\\obj\\Release\\Package\\PackageTmp$" />
  </parameter>
  <parameter name="AppInsightKey" defaultValue="">
    <parameterEntry kind="XmlFile" scope="\\web.config$" match="/configuration/appSettings/add[@key='AppInsightKey']/@value" />
    <parameterEntry kind="XmlFile" scope="\\ApplicationInsights.config$" match="/*[local-name()='ApplicationInsights' and namespace-uri()='http://schemas.microsoft.com/ApplicationInsights/2013/Settings']/*[local-name()='InstrumentationKey' and namespace-uri()='http://schemas.microsoft.com/ApplicationInsights/2013/Settings']/text()" />
  </parameter>
  <parameter name="DefaultConnection-Web.config Connection String" defaultValue="Data Source=(LocalDb)\MSSQLLocalDB;AttachDbFilename=|DataDirectory|\aspnet-AppInsightTest-20150922013152.mdf;Initial Catalog=aspnet-AppInsightTest-20150922013152;Integrated Security=True">
    <parameterEntry kind="XmlFile" scope="C:\\Projects\\AppInsightTest\\AppInsightTest\\obj\\Release\\Package\\PackageTmp\\Web\.config$" match="/configuration/connectionStrings/add[@name='DefaultConnection']/@connectionString" />
  </parameter>
</parameters>